,0
0,https://www.youtube.com/watch?v=cqTrC1fEnUk
1,https://www.youtube.com/watch?v=ypPtTQRHS0Y
2,https://www.youtube.com/watch?v=9_UFTpfeyIY
3,https://www.youtube.com/watch?v=VgUR1pna5cY
4,https://www.youtube.com/watch?v=Xkm8mGlfm9w
5,https://www.youtube.com/watch?v=M74-0Io-AJc
6,https://www.youtube.com/watch?v=lJW7gec1iRI
7,https://www.youtube.com/watch?v=jgN4eFvu8D8
8,https://www.youtube.com/watch?v=RHVGU1QcYOA
9,https://www.youtube.com/watch?v=GiT7fhfTrPQ
10,https://www.youtube.com/watch?v=zK1mLIeXwsQ
11,https://www.youtube.com/watch?v=Q4-jOuHO-z4
12,https://www.youtube.com/watch?v=r7qovpFAGrQ
13,https://www.youtube.com/watch?v=WIuSyc3rW7Q
14,https://www.youtube.com/watch?v=INZ32C6eobE
15,https://www.youtube.com/watch?v=ApXoWvfEYVU
16,https://www.youtube.com/watch?v=3XCVM3G3pns
17,https://www.youtube.com/watch?v=fGjvILPoQwE
18,https://www.youtube.com/watch?v=Uf7nGBJOR9I
19,https://www.youtube.com/watch?v=1XzY2ij_vL4
20,https://www.youtube.com/watch?v=gzqGSHF7EkM
21,https://www.youtube.com/watch?v=BldYlGqs7pA
22,https://www.youtube.com/watch?v=fRh_vgS2dFE
23,https://www.youtube.com/watch?v=bXcSLI58-h8
24,https://www.youtube.com/watch?v=ba7mB8oueCY
25,https://www.youtube.com/watch?v=ZsNL1c24wxs
26,https://www.youtube.com/watch?v=fSzWfAaTYeE
27,https://www.youtube.com/watch?v=yMlKJGKyoCo
28,https://www.youtube.com/watch?v=EgBJmlPo8Xw
29,https://www.youtube.com/watch?v=PmYypVozQb4
30,https://www.youtube.com/watch?v=zlJDTxahav0
31,https://www.youtube.com/watch?v=4NRXx6U8ABQ
32,https://www.youtube.com/watch?v=_qYyU019PbI
33,https://www.youtube.com/watch?v=e2vBLd5Egnk
34,https://www.youtube.com/watch?v=pNNMr5glICM
35,https://www.youtube.com/watch?v=XVQOhIVcMj0
36,https://www.youtube.com/watch?v=XR7Ev14vUh8
37,https://www.youtube.com/watch?v=KF6x7g5ZfwM
38,https://www.youtube.com/watch?v=UG3sfZKtCQI
39,https://www.youtube.com/watch?v=7DXQwD6JUB4
40,https://www.youtube.com/watch?v=_ti45faewW4
41,https://www.youtube.com/watch?v=KgXKIoB9PDY
42,https://www.youtube.com/watch?v=jxW-pTf5Kgk
43,https://www.youtube.com/watch?v=KDxJlW6cxRk
44,https://www.youtube.com/watch?v=u7K72X4eo_s
45,https://www.youtube.com/watch?v=h7ArUgxtlJs
46,https://www.youtube.com/watch?v=D2_qw8O5lf0
47,https://www.youtube.com/watch?v=RcmKbTR--iA
48,https://www.youtube.com/watch?v=VA770wpLX-Q
49,https://www.youtube.com/watch?v=w4s6H4ku6ZY
50,https://www.youtube.com/watch?v=ygTZZpVkmKg
51,https://www.youtube.com/watch?v=UoaHVU11nm0
52,https://www.youtube.com/watch?v=LkH4BRH8qvQ
53,https://www.youtube.com/watch?v=VSpZTemhHco
54,https://www.youtube.com/watch?v=Megp0wKp6Pw
55,https://www.youtube.com/watch?v=pBkHHoOIIn8
56,https://www.youtube.com/watch?v=BF7VQcEa9y0
57,https://www.youtube.com/watch?v=wFPwh35CTLg
58,https://www.youtube.com/watch?v=wck6YaZytmM
59,https://www.youtube.com/watch?v=XlTqcshkmc8
60,https://www.youtube.com/watch?v=vHShmiCxL8s
61,https://www.youtube.com/watch?v=TzCpVXOMQgc
62,https://www.youtube.com/watch?v=lITExahxoyM
63,https://www.youtube.com/watch?v=-nGLqXZ-f70
64,https://www.youtube.com/watch?v=0PcNbYZXw_M
65,https://www.youtube.com/watch?v=oygrmJFKYZY
66,https://www.youtube.com/watch?v=KLgQKiUk7ms
67,https://www.youtube.com/watch?v=dxytyRy-O1k
68,https://www.youtube.com/watch?v=5dmQ3QWpy1Q
69,https://www.youtube.com/watch?v=32BOmle7Z6w
70,https://www.youtube.com/watch?v=Hmw2E7bKJeo
71,https://www.youtube.com/watch?v=irBP5FnksKc
72,https://www.youtube.com/watch?v=7VBLysGx8Ms
73,https://www.youtube.com/watch?v=IumYMCllMsM
74,https://www.youtube.com/watch?v=Mr8sge8-5qA
75,https://www.youtube.com/watch?v=FTQbiNvZqaY
76,https://www.youtube.com/watch?v=elueA2rofoo
77,https://www.youtube.com/watch?v=e2bMsmx_tQQ
78,https://www.youtube.com/watch?v=cmkkcAh08vw
79,https://www.youtube.com/watch?v=uiUAq4aVTjY
80,https://www.youtube.com/watch?v=q2AfZ7FAGpY
81,https://www.youtube.com/watch?v=PIGyEGIzqxw
82,https://www.youtube.com/watch?v=CnAmeh0-E-U
83,https://www.youtube.com/watch?v=3CyWixndEYE
84,https://www.youtube.com/watch?v=bfwOdpur01M
85,https://www.youtube.com/watch?v=w0EF3AxJwLU
86,https://www.youtube.com/watch?v=1mzl2Oo8Ncw
87,https://www.youtube.com/watch?v=tBAiMWjKJTg
88,https://www.youtube.com/watch?v=lzQpS1rH3zI
89,https://www.youtube.com/watch?v=89degLrNZM8
90,https://www.youtube.com/watch?v=RsW66teC0BQ
91,https://www.youtube.com/watch?v=CfihYWRWRTQ
92,https://www.youtube.com/watch?v=CvWTlFPWjb4
93,https://www.youtube.com/watch?v=XOgIOlrz8gI
94,https://www.youtube.com/watch?v=b9HpOAYjY9I
95,https://www.youtube.com/watch?v=r_0JjYUe5jo
96,https://www.youtube.com/watch?v=Ywq6FMLbWH4
97,https://www.youtube.com/watch?v=WyVfkr6nsrk
98,https://www.youtube.com/watch?v=Edwsf-8F3sI
99,https://www.youtube.com/watch?v=rtL5oMyBHPs
100,https://www.youtube.com/watch?v=6Nb-prB-4P0
